question,answers
what is available water capacity.,This refers to the amount of water in the soil that is available to plants between field capacity and the wilting point. This is the amount of water that plants can use without becoming water-stressed.
why should Livestock receive appropriate veterinary care.,to ensure they remain healthy and productive
name different ways of planting cassava.," single stem planting, stake planting, or mounding"
Which type of maize is good for storage,The type of maize that is good for storage is one that has a high dry matter content and a hard outer layer. This helps to prevent moisture from getting into the kernel and reduces the risk of spoilage during storage
what other reasons are there for using diammonium phosphate put in planting hole.,"DAP is water-soluble, which means it can be quickly taken up by plant roots and used for growth. By placing DAP in the planting hole, the young plant's roots can access the nutrients immediately, promoting early growth and establishment."
what is soil?,"Soil is a complex mixture of minerals, organic matter, water, air, and living organisms."
what is the recommended spacing for long 1.,spaced by 75x30cm with a seed rate of 25kg/ha
which crops can be intercropped with cassava to help attract natural predators of cassava beetles., legumes or grasses
what is the proper storage facility for cassava plant.,"Cassava should be stored in a cool, dry, and well-ventilated place to prevent mold growth and rotting"
what is the use of vitamin B6?,B6 is related to metabolism and immune function as well as brain development during pregnancy
How long should maize grains to be boiled for it's effective nutrients in human consumption.,"Maize grains can be boiled until they are tender, which usually takes around 30 to 45 minutes, depending on the variety and maturity of the maize. However, the length of time that maize grains should be boiled for optimal nutrient retention can vary depending on the specific nutrient in question."
What are the problems facing farming organization in uganda?,"Limited access to finance: Many farming organizations in Uganda lack access to finance, which makes it difficult for them to invest in modern farming technologies, hire skilled workers, and expand their operations.

Limited access to markets: Many small-scale farmers in Uganda struggle to access markets to sell their products, which can result in low prices and limited income.

Climate change: Uganda is vulnerable to climate change, which can have a negative impact on crop yields and overall agricultural productivity.

Pest and disease outbreaks: Uganda has experienced several pest and disease outbreaks in recent years, such as the Fall Armyworm and Banana Bacterial Wilt, which can significantly reduce crop yields and income.

Limited access to extension services: Many farmers in Uganda lack access to extension services and technical assistance, which can limit their ability to adopt modern farming technologies and improve their farming practices.

Land tenure insecurity: Land tenure insecurity is a common challenge in Uganda, particularly for small-scale farmers, which can limit their ability to invest in their farms and access credit.

Poor infrastructure: Poor infrastructure, including inadequate roads, storage facilities, and irrigation systems, can limit the ability of farming organizations in Uganda to transport their products, store them properly, and irrigate their crops during dry spells."
Is it late to plant maize in this mid September.,"The optimal planting time for maize varies depending on the specific region and climate conditions. In general, maize is typically planted during the spring season when temperatures are warm and frost is no longer a concern.

Planting maize in mid-September may be considered late in many regions, especially if you are in a location where winters or cool temperatures arrive early. Late planting can result in several challenges, including reduced yields and increased risk of crop damage from frost or cold weather.
"
why are maize planted in rows.,it also allows for planting of other crops between these rows to make more efficient use of land space
name ways how farmers can manage breeding and reproduction of livestock.,"artificial insemination, natural breeding methods, and careful management of breeding cycles."
why is cassava referred to as a short-day plant?,it requires a certain amount of darkness to initiate flowering
How long should maize grains to be boiled for it's effective nutrients in human consumption.,"Maize grains can be boiled until they are tender, which usually takes around 30 to 45 minutes, depending on the variety and maturity of the maize. However, the length of time that maize grains should be boiled for optimal nutrient retention can vary depending on the specific nutrient in question."
what are Soil microarthropods.,"These are small, soil-dwelling organisms such as mites and springtails that play important roles in soil nutrient cycling and decomposition."
what is soil fertility,Soil fertility is the ability of soil to sustain plant growth and optimize crop yield
why is gregaria phase dangerous to crops.,because the black-bodied caterpillars are more active and densely concentrated than solitaria caterpillars
what water managing techniques can a farmer user to guard against drought?,mulching
what are some of the technologies used by farmers in maize production.," improved seeds like hybrid and open pollinated varieties, timely planting, proper spacing and timely weeding and harvesting"
what is the approximate amount of Global agricultural production of wood.,4 billion
which other can i control the buying of fake agrochemicals.,"Always check the product labels carefully to ensure that the agrochemical is registered by the relevant authorities and has the correct dosage and usage instructions. Fake products often have misspelled words, unclear labels, or no label at all."
what are Synthetic fertilizers?,are typically made from chemicals and minerals and are designed to provide plants with specific nutrients
what are some of the challenges in growing apples?,"� Apple seedlings are imported and costly
� Birds and thieves are giving many farmers sleepless nights.
� Few areas are favourable for Apple Growing
� High competition with imported apples
Market"
what is plant nutrition?,refers to the process by which plants obtain and utilize essential nutrients for growth and development. 
why are farmers are often advised to spray pesticides in the morning.,"Temperature and humidity: Morning hours typically have cooler temperatures and higher humidity levels, which create favorable conditions for effective pesticide application. Low temperatures reduce the risk of evaporation, allowing the pesticide to stay on the plant surfaces longer. Higher humidity helps the pesticide droplets to spread and adhere to the plant surfaces.

Wind conditions: Generally, wind speeds are lower during the morning hours, reducing the risk of pesticide drift. Calm or gentle breezes help ensure that the pesticide is applied to the target plants without being carried away to non-target areas.

Pest activity: Many pests, such as insects and mites, tend to be more active during the early morning hours. By spraying at this time, the pesticide can directly target and control the pests while they are actively feeding or moving.

Preservation of beneficial insects: Spraying in the morning allows beneficial insects, such as bees and butterflies, to forage on flowers and perform pollination activities during the day. Since these insects are crucial for crop pollination and ecological balance, it is important to minimize their exposure to pesticides. Spraying in the morning allows the pesticide residues to degrade or dry off before the peak activity of beneficial insects."
what are nitrogen fertilizers?,"These fertilizers are designed to provide nitrogen, which is an essential nutrient for plant growth"
What are the symptoms of cassava mosaic,"Leaves leaves become distorted and yellow, Poor formation of tubers, The plants is stumted, Mosaic mottling,mishapen and twisted leaflets and reduction in size of leaves"
how long should the cassava stem be cut?,20-30 cm long
name working animals that have been used to cultivate fields.,"horses, mules, oxen, water buffalo, camels, llamas, alpacas, donkeys, and dogs"
name any one example of desiccants.,silica gel
how can nutrient management help in improving red soil.,"Conduct a soil test to determine the nutrient deficiencies in the soil. Based on the test results, apply the necessary fertilizers to provide adequate levels of essential nutrients, such as nitrogen, phosphorus, and potassium. This helps to optimize plant growth and yield."
which other regions in Uganda grow apples?,"Bugisu, Bukedi and
Sebei sub regions in areas around Mt. Elgon"
"Farmers always burn maize residues, is it a good or bad practice","On the positive side, burning maize residues can help to control pests and diseases, reduce weed pressure, and provide a quick and convenient way to clear the field for the next crop. Burning can also release nutrients, such as nitrogen and potassium, back into the soil, which can be beneficial for the next crop."
what is the impact of over-fertilization.,"excessive vegetative growth, lodging, and reduced yield"
How can a farmer control termites,"One of the best ways to control termites is through good cultural practices. This includes maintaining good soil health and fertility, avoiding over-watering or waterlogging, and keeping crop residues and weeds under control. These practices can help to create a less favorable environment for termites and reduce their populations."
why are fertilizers used in farming?, to improve the growth and quality of crops
What is the reason as cassava is called staple food,"Cassava is high in carbohydrates, with around 38-40% of its dry weight consisting of starch. This makes cassava an important source of energy for people who rely on it as a staple food."
Which fertilizers is applied to crops in 4-6 weeks after germination to promote rapid growth,"In the 4-6 weeks after germination, crops can benefit from the application of nitrogen-rich fertilizers to promote rapid growth. Nitrogen is an essential nutrient for plant growth and is often required in higher amounts during the early stages of development"
how do you define Saturation in agriculture.,"This refers to the point at which the soil is completely filled with water, and all air spaces have been displaced. This can occur after a heavy rain or during periods of flooding."
what happens to African armyworms first after emerging from pupation,hey allow their bodies to dry off and their wings to harden before climbing trees
which other way can cover crops increase fertility,Cover crops can also improve soil quality by increasing soil organic matter levels through the input of cover crop biomass over time
why do farmers have low cancer and death rates.,This is due primarily to lower smoking rates among farmers and a very active lifestyle
name any Environmental issues.,"depletion of aquifers, deforestation, antibiotic resistance"
state the difference between fresh and dry maize in terms of glycemic index.,"Fresh maize has a higher glycemic index than dry maize, which means it can cause a more rapid increase in blood sugar levels. Dry maize, on the other hand, has a lower glycemic index and is a better choice for people with diabetes or those watching their blood sugar levels."
how many chambers does a cow has,four chambers
"which fungal disease causes yellowing and browning of the leaves, with characteristic cigar-shaped lesions",Northern corn leaf blight
what is the best time to plant maize,You need to plant your maize at the onset of the rains either in March or in August to Septembe
How long should a farmer wait to plant cassava in a field which was affected by cbsd?,"Farmers should wait for at least 6 months to 1 year before planting cassava in a field that was affected by Cassava Brown Streak Disease (CBSD). This allows enough time for the virus to die off or decrease in the soil. During this period, the farmer should practice proper land preparation, including removing all cassava crop debris and weed the field to reduce the build-up of virus inoculum in the soil."
give examples of Potassium Fertilizers.,potassium chloride and potassium sulphate
What farming practice helps prevent soil erosion?,Crop Rotation
what is hay,"(dried grasses) to feed livestock (horses, cattle, sheep) during the winter when they cannot feed in green pastures"
what is the importane of organic farming?,This approach seeks to minimize the use of synthetic chemicals and promote the health of the soil and the environment
what several factors need to be considered before deciding the ideal timing for planting.,"Soil Moisture: The first rain should provide enough moisture to support seed germination and early growth. It's important to ensure that the soil has enough moisture content to facilitate seedling emergence and root development.

Temperature: The temperature should be suitable for the specific crop being planted. Some crops have optimal temperature requirements for germination and early growth. If the first rain coincides with extremely cold or hot temperatures, it may negatively affect crop establishment.

Rain Pattern: The first rain should ideally mark the beginning of a consistent rainy season. If the first rain is followed by a prolonged dry spell, it may result in inadequate moisture for crop growth, leading to poor germination and plant survival.

Crop Requirements: Different crops have different preferences regarding moisture and temperature. It's essential to consider the specific requirements of the crop you intend to plant and ensure that the environmental conditions during the first rain align with those requirements.

Field Preparation: Adequate field preparation, including soil tillage and weed control, should be completed before the first rain to optimize planting conditions."
what type of soil can cause cassava plant to die prematurely.,"soil with high salinity or acidity, can cause the plants to dry out and die prematurely"
what are some of the challenges faced by S. exempta.,"predators, parasites, parasitoids, diseases, and viruses"
name one pest that can cause beans to wither immediately after germination.,Bean Seed Maggot
why should farmers ensure proper land preparation before planting cassava.,for ensuring a healthy and high-yielding cassava crop
what factors contribute to the spread of CMD.,"Viral infection: The disease is caused by the presence of begomoviruses, particularly African cassava mosaic virus (ACMV) and East African cassava mosaic virus (EACMV). These viruses infect cassava plants and cause characteristic symptoms.

Vector transmission: Whiteflies feed on the sap of infected cassava plants, acquiring the virus. When they subsequently feed on healthy plants, they transmit the virus, leading to new infections. The whiteflies are efficient vectors and can quickly spread the disease within a cassava-growing area."
what is the purpose of threshing .,The purpose of the threshing process is to detach the grain from the panicles
"Why do beans leave turns yellowish before maturity dispute rain is available
","Nutrient deficiency: If the beans are not getting enough nutrients, especially nitrogen, their leaves can turn yellow. A soil test can help identify if there is a nutrient deficiency."
can the use of farmyard manure increased infiltration?," FYM improves soil permeability and enhances water infiltration into the soil. The organic matter in FYM improves soil structure, creating larger pore spaces that allow water to penetrate more easily into the soil rather than running off the surface."
how can farmers mitigate leaf shedding in cassava during the dry season,"Irrigation: Providing supplemental irrigation to cassava plants during dry periods can help alleviate water stress and maintain adequate soil moisture levels.

Mulching: Applying organic mulch around the cassava plants can help conserve soil moisture, regulate soil temperature, and reduce water evaporation from the soil surface.

Fertilization: Ensuring optimal nutrient levels through balanced fertilization can help maintain the health and vigor of cassava plants, reducing the risk of nutrient deficiencies and associated leaf shedding.

Pest and disease management: Implementing appropriate pest and disease control measures, such as regular scouting and timely application of recommended treatments, can help minimize leaf damage and subsequent leaf shedding."
which region has adopted automatic milking system.,Northern Europe
What fertilizer is recommended for planting maize by researchers?,"Generally, researchers recommend a balanced fertilizer that contains a combination of nitrogen (N), phosphorus (P), and potassium (K), such as NPK (23:23:0) or compound fertilizer like CAN (calcium ammonium nitrate) that has Nitrogen and Calcium"
how effective is hand-pulling as way of controlling Couch grass.,it can be effective in small gardens or in areas where couch grass is not too widespread
name any other disease that causes bean to wither and die after germination.,Fusarium Wilt
how can nutrient management help in improving red soil.,"Conduct a soil test to determine the nutrient deficiencies in the soil. Based on the test results, apply the necessary fertilizers to provide adequate levels of essential nutrients, such as nitrogen, phosphorus, and potassium. This helps to optimize plant growth and yield."
how do you space maize when planting.,when spacing maize it may solely depend on the variety of the maize taken up and or if an intercropping pattern is used on the maize field
can crop rotation be used to control couch grass?,Crop rotation is another effective way to control couch grass. This involves planting a different crop in the cassava garden after harvesting the cassava. This can help to break the life cycle of the couch grass and prevent it from establishing a strong presence in the soil.
name any livestock diseases.," foot-and-mouth disease, brucellosis, and tuberculosis"
cam maize grow in clay soil,"es, maize can grow in clay soil. However, clay soil has certain characteristics that can affect maize growth and productivity. Clay soil tends to retain water and drain poorly, which can lead to waterlogged conditions and root suffocation if not properly managed. Additionally, clay soil can be compacted, making it harder for roots to penetrate and access nutrients."
which types of crops are used to retain and recycle soil nitrogen already present.,catch crops
What are the measures farmers can take minimize crop losses during storage," Harvesting crops at the right time and in the right way is important to ensure that they are not damaged during the process. The crops should be harvested when they are mature but not overripe, and the tools used should be in good condition to prevent damage to the crops."
name the diet in which diary cows should be fed on.,diet high in protein and calcium
why are farmers advised not to apply fertilizers during drought or when rainfall are unexpected.,"can cause fertilizer burn or leaching, and reduce its effectiveness"
which year did methane emission decline to 35%,1975
why should farmers intercrop maize with beans.,"Maize and beans are commonly intercropped in Kiboga because they have complementary nutrient requirements and growth habits. Beans can fix nitrogen from the atmosphere, which can benefit the maize crop."
which natural water can fish grow in?,"ponds, lakes, rivers, and streams"
how do cover crops suppress weeds after death,they smother the next flush of weeds by forming a mulch layer on the soil surface
how can farmers control Cassava green mite.,it is important to regularly monitor the cassava crop for signs of infestation. Early detection and treatment can prevent the spread of the mites and minimize crop damage
define embryo dormancy?,occurs when the embryo is immature and unable to germinate even under favorable conditions
why is mulching important.,"Mulching helps to suppress weed growth, retain soil moisture, and improve soil fertility"
what is cassava mosaic disease.,"This is a viral disease that causes yellowing and mottling of the leaves, stunted growth, and reduced yield"
name examples of phosphorous fertilizers,triple superphosphate and diammonium phosphate.
what does  nitrogen deficiency causes?,"stunted growth, yellowing leaves, and reduced yield."
what is GMO in full?,Genetically Modified Crops
when are the African armyworms noticed by farmers., until the caterpillars are ten days old and start exhibiting the gregaria phase.
what is the minimum soil depth required for growing cassava,30 cm
which other measures can be put in place to ensure successful germination of cassava plants.,Pest and disease contro
which beneficial microorganisms are contained in microbial fertilizers.,bacteria and fungi
What is Consumptive water use?,is the term that describes water used and not returned to the original source. 
What type of soil is beans doing well,"Beans generally do well in soil that is well-draining, fertile, and rich in organic matter. The ideal soil for beans is a sandy loam soil with a pH range of 6.0 to 7.0. The soil should also be free of pests and diseases that can damage the plants.
"
do plants have naturally occurring B12?,no 
what other way can a farmers control Cassava mosaic disease,Planting resistant varieties: Some cassava varieties have been developed that are resistant to CMD. These varieties should be used whenever possible to reduce the risk of disease.
what is the taste of fresh maize.,"Fresh maize has a sweet, juicy flavor and a soft, tender texture,"
why DK maize variety widely grown in Uganda. ,"It is known for its high yield potential, good disease resistance, and adaptability to various growing conditions"
Give one example of  natural erosion caused by water.,Grand Canyon
